laptop_ID,Company,Product
1,Apple,MacBook Pro
2,Apple,Macbook Air
3,HP,250 G6
4,Apple,MacBook Pro
5,Apple,MacBook Pro
6,Acer,Aspire 3
7,Apple,MacBook Pro
8,Apple,Macbook Air
9,Asus,ZenBook UX430UN
10,Acer,Swift 3
11,HP,250 G6
12,HP,250 G6
13,Apple,MacBook Pro
14,Dell,Inspiron 3567
15,Apple,"MacBook 12"""
16,Apple,MacBook Pro
17,Dell,Inspiron 3567
18,Apple,MacBook Pro
19,Lenovo,IdeaPad 320-15IKB
20,Dell,XPS 13
21,Asus,Vivobook E200HA
22,Lenovo,Legion Y520-15IKBN
23,HP,255 G6
24,Dell,Inspiron 5379
25,HP,15-BS101nv (i7-8550U/8GB/256GB/FHD/W10)
26,Dell,Inspiron 3567
27,Apple,MacBook Air
28,Dell,Inspiron 5570
29,Dell,Latitude 5590
30,HP,ProBook 470
31,Chuwi,"LapBook 15.6"""
32,Asus,E402WA-GA010T (E2-6110/2GB/32GB/W10)
33,HP,17-ak001nv (A6-9220/4GB/500GB/Radeon
34,Dell,XPS 13
35,Apple,MacBook Air
36,Lenovo,IdeaPad 120S-14IAP
37,Acer,Aspire 3
38,Dell,Inspiron 5770
39,HP,250 G6
40,HP,ProBook 450
41,Asus,X540UA-DM186 (i3-6006U/4GB/1TB/FHD/Linux)
42,Dell,Inspiron 7577
43,Asus,X542UQ-GO005 (i5-7200U/8GB/1TB/GeForce
44,Acer,Aspire A515-51G
45,Dell,Inspiron 7773
46,Apple,MacBook Pro
47,Lenovo,IdeaPad 320-15ISK
48,Asus,Rog Strix
49,Dell,Inspiron 3567
50,Asus,X751NV-TY001T (N4200/4GB/1TB/GeForce
51,Lenovo,Yoga Book
52,Acer,Aspire A515-51G
53,HP,255 G6
54,HP,ProBook 430
55,Acer,Aspire 3
56,Dell,Inspiron 3576
57,HP,15-bs002nv (i3-6006U/4GB/128GB/FHD/W10)
58,Asus,VivoBook Max
59,MSI,GS73VR 7RG
60,Asus,X541UA-DM1897 (i3-6006U/4GB/256GB/FHD/Linux)
61,Dell,Inspiron 5770
62,Dell,Vostro 5471
63,Lenovo,IdeaPad 520S-14IKB
64,Asus,UX410UA-GV350T (i5-8250U/8GB/256GB/FHD/W10)
66,HP,250 G6
67,Asus,ZenBook Pro
68,HP,250 G6
69,HP,Stream 14-AX040wm
70,Lenovo,V310-15ISK (i5-7200U/4GB/1TB/FHD/W10)
71,Asus,FX753VE-GC093 (i7-7700HQ/12GB/1TB/GeForce
72,Microsoft,Surface Laptop
73,Dell,Inspiron 5370
74,Dell,Inspiron 5570
75,MSI,GL72M 7RDX
76,Acer,Aspire E5-475
77,Asus,FX503VD-E4022T (i7-7700HQ/8GB/1TB/GeForce
78,Lenovo,IdeaPad 320-15IKBN
79,Dell,Inspiron 5570
80,Acer,Aspire A515-51G-32MX
81,HP,ProBook 470
82,Dell,Latitude 5590
83,Apple,"MacBook 12"""
84,HP,ProBook 440
85,Lenovo,IdeaPad 320-15AST
86,Acer,Aspire 3
87,Dell,Inspiron 7577
88,HP,Pavilion 15-CK000nv
89,HP,250 G6
90,Asus,FX503VM-E4007T (i7-7700HQ/16GB/1TB
91,Dell,XPS 13
92,Asus,FX550IK-DM018T (FX-9830P/8GB/1TB/Radeon
93,Acer,Aspire 5
94,HP,Probook 430
95,Dell,Inspiron 7577
96,Asus,Zenbook UX430UA
97,Acer,Spin 5
98,Dell,Inspiron 3567
99,Dell,Inspiron 3567
100,Asus,X541UV-DM1439T (i3-7100U/6GB/256GB/GeForce
102,HP,Omen 15-ce007nv
103,HP,15-bs017nv (i7-7500U/8GB/256GB/Radeon
104,HP,15-bw000nv (E2-9000e/4GB/500GB/Radeon
105,Dell,Inspiron 3576
106,HP,Envy 13-ad009n
107,Microsoft,Surface Laptop
108,HP,Pavilion 14-BK001nv
109,Lenovo,Ideapad 310-15ISK
110,Asus,UX430UQ-GV209R (i7-7500U/8GB/256GB/GeForce
111,MSI,GP62M 7REX
112,Lenovo,Thinkpad T470
113,Asus,VivoBook S15
114,Dell,XPS 13
115,Lenovo,ThinkPad Yoga
116,HP,Probook 440
117,Dell,XPS 13
118,HP,Spectre x360
119,HP,Probook 440
120,Dell,Inspiron 7570
121,Asus,X705UV-BX074T (i3-6006U/4GB/1TB/GeForce
122,Asus,VivoBook S15
123,Acer,Spin 3
124,MSI,GS63VR 7RG
125,Lenovo,IdeaPad 320-15IKBN
126,HP,Probook 470
127,Acer,Aspire 3
128,HP,250 G6
129,HP,Probook 440
130,Asus,E402WA-GA007T (E2-6110/4GB/64GB/W10
131,Dell,Inspiron 5770
132,HP,ProBook 470
133,Dell,Inspiron 5567
134,Dell,Inspiron 3567
135,Acer,Swift 3
136,Acer,Aspire A515-51G-37JS
137,HP,15-BS078nr (i7-7500U/8GB/1TB/W10)
138,HP,Probook 440
139,Lenovo,V110-15IAP (N3350/4GB/1TB/No
140,Asus,FX753VD-GC086T (i5-7300HQ/8GB/1TB
141,Lenovo,IdeaPad 320-15IKBN
142,HP,Envy 13-AD007nv
143,Acer,Aspire 5
144,Lenovo,ThinkPad E480
145,Lenovo,Legion Y520-15IKBN
146,Toshiba,Satellite Pro
147,HP,255 G6
148,Asus,ZenBook UX430UA
149,HP,EliteBook Folio
150,Asus,X541NA (N3350/4GB/1TB/FHD/W10)
151,MSI,GE72MVR 7RG
152,Acer,Aspire A315-51
153,Dell,Inspiron 5577
154,Dell,Inspiron 7567
155,Lenovo,V110-15IKB (i5-7200U/4GB/128GB/W10)
156,MSI,GE73VR 7RE
157,HP,EliteBook 840
158,HP,15-BS103nv (i5-8250U/6GB/256GB/Radeon
159,Lenovo,Yoga 520-14IKB
160,Asus,ZenBook Flip
161,Dell,Inspiron 5579
163,Toshiba,Satellite Pro
164,Asus,X555BP-XX180T (A9-9420/4GB/1TB/Radeon
165,Acer,Aspire A517-51G
166,Dell,Inspiron 3576
167,Lenovo,Legion Y520-15IKBN
168,Acer,Aspire A315-31
169,MSI,GE63VR 7RE
170,Acer,Aspire 3
171,Dell,Inspiron 5577
172,Acer,Aspire A517-51G
173,HP,ProBook 430
174,Huawei,MateBook X
175,HP,17-bs001nv (i5-7200U/6GB/2TB/Radeon
176,Lenovo,IdeaPad 320-15AST
177,Toshiba,Satellite Pro
178,HP,ProBook 470
179,Dell,Inspiron 3567
180,Acer,Aspire A315-51
181,MSI,GT80S 6QF-074US
182,Lenovo,V310-15IKB (i5-7200U/8GB/1TB
183,HP,Spectre x360
184,Dell,Inspiron 5570
185,Dell,XPS 13
186,Lenovo,Yoga 920-13IKB
187,Toshiba,Satellite Pro
188,Xiaomi,Mi Notebook
189,Dell,Inspiron 7773
190,Dell,XPS 15
191,Lenovo,Legion Y520-15IKBN
192,Acer,Swift 7
193,Dell,Inspiron 5770
194,Lenovo,Thinkpad Yoga
195,Vero,K147 (N3350/4GB/32GB/FHD/W10)
196,Xiaomi,Mi Notebook
197,Lenovo,IdeaPad 320-17IKBR
198,Dell,Inspiron 5379
199,HP,ProBook 470
200,Razer,Blade Pro
201,HP,ProBook 430
202,HP,Omen 17-W295
203,HP,Probook 470
204,Dell,Inspiron 7577
205,Lenovo,V110-15ISK (i5-6200U/4GB/128GB/W10)
206,Acer,Aspire E5-576G
207,Lenovo,Legion Y720-15IKB
208,Dell,Precision 7520
209,Lenovo,Legion Y520-15IKBN
210,Dell,Inspiron 3567
211,Dell,XPS 13
212,Dell,XPS 13
213,Lenovo,IdeaPad 320-15IKBN
215,Acer,Aspire 7
216,Asus,ROG GL703VD-GC028T
217,HP,15-bs018nq (i3-6006U/4GB/500GB/FHD/No
218,Lenovo,IdeaPad 320-15IKBN
219,Huawei,MateBook X
220,Dell,Inspiron 5370
221,Lenovo,IdeaPad 320-17IKB
222,HP,Probook 440
223,Dell,Latitude 5490
224,Dell,Inspiron 5379
225,Dell,Inspiron 3576
226,Lenovo,Yoga 520-14IKB
227,Toshiba,Portege Z30-C-16L
228,HP,ProBook 450
229,Dell,Alienware 17
230,Acer,Aspire E5-576G
231,Dell,Inspiron 5567
232,Asus,Vivobook X541UV-DM1217T
233,Asus,K756UX-T4340T (i5-7200U/8GB/500GB
234,HP,ZBook 15u
235,Asus,Pro P2540UA-XO0198T
236,HP,15-rb013nv (E2-9000e/4GB/500GB/W10)
237,Lenovo,Legion Y720-15IKB
238,Dell,Vostro 5468
239,Acer,Aspire R7
240,Dell,Inspiron 5567
241,Acer,Aspire A315-51
242,Asus,X555QG-DM242T (A10-9620P/4GB/1TB
243,Asus,ROG G703VI-E5062T
244,Acer,Nitro AN515-51
245,Lenovo,IdeaPad 320-15ISK
246,Asus,VivoBook Pro
247,Asus,F756UX-T4201D (i7-7500U/8GB/128GB
248,Dell,Inspiron 5577
249,Lenovo,Yoga 910-13IKB
250,Dell,Inspiron 5570
251,HP,15-bs015dx (i5-7200U/8GB/1TB/W10)
252,Asus,Rog G701VIK-BA060T
253,HP,ProBook 430
254,Apple,MacBook Pro
255,Dell,Inspiron 5579
256,Asus,ROG G752VSK-GC493T
257,Asus,X505BP-BR019T (A9-9420/4GB/1TB/Radeon
258,Lenovo,Yoga 920-13IKB
259,Acer,Aspire 5
260,Dell,Vostro 5370
261,HP,15-BW094nd (A6-9220/8GB/128GB/W10)
262,HP,Envy 17-U275cl
263,MSI,GT73EVR 7RE
264,Lenovo,Yoga 720-15IKB
265,Dell,Inspiron 5770
266,Lenovo,IdeaPad 320-15ISK
267,HP,ProBook 450
268,Dell,Vostro 3568
269,Dell,Inspiron 3567
270,Dell,Inspiron 5579
271,Asus,ZenBook Flip
272,Lenovo,IdeaPad 320-15IKBN
273,HP,Probook 470
274,Lenovo,V330-15IKB (i7-8550U/8GB/256GB/FHD/W10)
275,Apple,MacBook Pro
276,Asus,Rog Strix
277,Dell,Inspiron 3576
278,Lenovo,ThinkPad X1
279,Toshiba,Satellite Pro
280,Dell,Inspiron 5567
281,Dell,Inspiron 5770
282,Acer,Aspire A515-51G
283,Lenovo,IdeaPad 320-17ISK
284,Lenovo,IdeaPad 320-17IKBR
285,Lenovo,IdeaPad 320-17IKB
286,Dell,Inspiron 3567
287,Lenovo,Legion Y520-15IKBN
288,Lenovo,Ideapad 320-15IKBN
289,Acer,Aspire A517-51G
290,Acer,SP315-51 (i7-7500U/12GB/1TB/FHD/W10)
291,Lenovo,Thinkpad T570
292,Asus,VivoBook S15
293,Lenovo,Legion Y520-15IKBN
294,Lenovo,IdeaPad 320-15IKB
295,Acer,Chromebook C910-C2ST
296,Asus,FX753VD-GC071T (i7-7700HQ/8GB/1TB/GeForce
297,HP,17-BS037cl (i3-6006U/8GB/1TB/W10)
298,Dell,XPS 15
299,Lenovo,V330-15IKB (i5-8250U/8GB/256GB/FHD/W10)
300,Lenovo,Legion Y720-15IKB
301,Acer,Aspire A715-71G
302,Dell,Precision 7720
303,Lenovo,IdeaPad 310-15ABR
304,Asus,ZenBook UX530UQ-PRO
305,Asus,VivoBook S14
306,Asus,Rog GL702VS-GC095T
307,Lenovo,IdeaPad 320-17IKB
308,Lenovo,IdeaPad 320-15IKBN
309,Asus,GL553VE-FY082T (i7-7700HQ/8GB/1TB
310,Lenovo,IdeaPad 320-15IAP
311,HP,EliteBook x360
312,Toshiba,Satellite Pro
313,Lenovo,IdeaPad 320-15IKB
314,HP,250 G6
315,Lenovo,IdeaPad 720S-13IKB
316,Dell,XPS 13
317,MSI,GE63VR 7RF
318,Acer,ES1-523-84K7 (A8-7410/8GB/256GB/FHD/W10)
319,Asus,VivoBook Flip
320,Dell,Inspiron 5570
321,HP,Spectre x360
322,Lenovo,ThinkPad 13
323,HP,ProBook 640
324,Acer,TravelMate B
325,HP,Elitebook 840
326,Lenovo,IdeaPad 320-17IKB
327,Asus,ZenBook UX410UA-GV183T
329,HP,ProBook 450
330,Acer,Aspire 5
331,Lenovo,IdeaPad 120S-14IAP
332,Acer,Aspire E5-575
333,Asus,VivoBook S15
334,HP,Elitebook 820
335,Dell,XPS 15
336,MSI,GL72M 7REX
337,Toshiba,Satellite Pro
338,Asus,UX510UX-CN269T (i7-7500U/8GB/256GB
339,Lenovo,V310-15ISK (i3-6006U/4GB/1TB/FHD/W10)
340,Asus,FX553VD-FY647T (i7-7700HQ/8GB/256GB/GeForce
341,HP,EliteBook 840
342,Dell,Inspiron 7570
343,HP,Elitebook 850
344,Asus,X541NA (N3350/4GB/1TB/Linux)
345,Dell,Inspiron 7570
346,Dell,Inspiron 3552
347,Lenovo,IdeaPad 320-15ABR
348,HP,ProBook 450
349,Lenovo,Yoga 920-13IKB
350,Dell,XPS 13
351,Lenovo,Legion Y520-15IKBN
352,HP,Stream 14-AX001nv
353,Dell,Latitude 5590
354,Asus,VivoBook Flip
355,Dell,Inspiron 5570
356,Dell,XPS 15
357,HP,Elitebook 850
358,MSI,GP72MVR 7RFX
359,HP,Zbook 15
360,Toshiba,Tecra A50-C-21G
361,Dell,Inspiron 5570
362,Lenovo,IdeaPad 320-15IAP
363,Dell,Inspiron 7577
364,Dell,Inspiron 3567
365,Dell,Latitude 7480
366,HP,250 G6
367,Asus,Zenbook UX410UA-GV027T
368,Lenovo,IdeaPad 320-17IKB
369,HP,250 G6
370,Lenovo,IdeaPad 320-15ISK
371,HP,15-AY023na (N3710/8GB/2TB/W10)
372,Dell,Inspiron 5770
373,Lenovo,Legion Y520-15IKBN
374,Dell,Inspiron 5567
375,HP,Elitebook 1040
376,Asus,ZenBook Flip
377,Acer,Aspire 3
378,Asus,Rog Strix
379,Lenovo,IdeaPad 110-17ACL
380,Dell,Inspiron 5379
381,HP,15-bw003nv (A9-Series-9420/4GB/256GB/FHD/W10)
382,Lenovo,Yoga 11e
383,Dell,Inspiron 3552
384,Asus,VivoBook E403NA
385,Acer,Aspire 7
386,HP,Omen 17-w212nv
387,Lenovo,V310-15ISK (i3-6006U/4GB/128GB/FHD/No
388,Asus,ROG Strix
389,Lenovo,IdeaPad 720S-14IKB
390,Asus,Zenbook Flip
391,Lenovo,Thinkpad X1
392,Lenovo,Ideapad 510S-13IKB
393,Dell,Precision 3510
394,Dell,Precision 5520
395,Lenovo,ThinkPad X1
396,Asus,Rog GL753VD-GC042T
397,Asus,Rog GL753VE-GC070T
399,Acer,Aspire 5
400,MSI,Leopard GP72M
401,Dell,Inspiron 5567
402,HP,15-BW004nv (A9-9420/4GB/256GB/Radeon
403,Lenovo,ThinkPad E580
404,Lenovo,ThinkPad L470
405,Dell,Precision M5520
406,Lenovo,Thinkpad X1
407,Lenovo,IdeaPad 320-15IAP
408,Asus,FX753VD-GC461T (i7-7700HQ/16GB/1TB
409,Lenovo,ThinkPad E580
410,Acer,Aspire 7
411,MSI,GE73VR 7RF
412,Asus,Zenbook 3
413,Toshiba,Portege Z30-C-16P
414,Dell,Latitude 7480
415,Lenovo,IdeaPad 320-15ISK
416,Lenovo,Lenovo IdeaPad
417,Lenovo,ThinkPad P51
418,Lenovo,Thinkpad T470p
419,HP,15-BS028nv (i3-6006U/4GB/1TB/Radeon
420,Acer,Aspire R7
421,Asus,ZenBook Flip
422,Dell,Inspiron 3567
423,Dell,Latitude 3380
424,HP,EliteBook 1040
425,Dell,Inspiron 3567
426,Lenovo,ThinkPad E480
427,Lenovo,Yoga 720-15IKB
428,Chuwi,LapBook 12.3
429,HP,ProBook 650
430,Asus,X542UQ-DM117 (i3-7100U/8GB/1TB/GeForce
431,Dell,Alienware 17
432,Dell,Inspiron 7577
433,Dell,Inspiron 5570
434,Dell,Latitude 5480
435,HP,Omen 17-w207nv
436,Mediacom,FlexBook Edge
437,Samsung,Chromebook 3
438,Lenovo,Thinkpad 13
439,Lenovo,IdeaPad 320s-14IKB
440,Lenovo,Thinkpad T570
441,Lenovo,Thinkpad P51
442,Asus,Rog Strix
443,HP,15-ra044nv (N3060/4GB/500GB/W10)
444,Google,Pixelbook (Core
445,Lenovo,ThinkPad T470s
446,Asus,VivoBook Max
447,Lenovo,IdeaPad 320-15AST
448,Dell,Inspiron 5570
449,Lenovo,ThinkPad X270
450,Lenovo,IdeaPad 320-15IAP
451,HP,Omen 15-AX205na
452,Dell,Latitude 5480
453,Acer,Aspire ES1-572
454,Dell,Precision 3520
455,MSI,GV62 7RD-1686NL
456,Microsoft,Surface Laptop
457,HP,15-bs024nv (i5-7200U/8GB/128GB/W10)
458,Dell,Precision 3520
459,HP,ProBook 650
460,Lenovo,ThinkPad T470
461,Dell,Inspiron 5570
462,Dell,Inspiron 3168
463,Dell,Alienware 17
464,Microsoft,Surface Laptop
465,Microsoft,Surface Laptop
466,HP,17-BS092ND (i3-6006U/8GB/256GB/W10)
467,Acer,Aspire E5-576G
468,Acer,TravelMate B
469,Asus,Pro P2540UA-AB51
470,Lenovo,IdeaPad 510s-14IKB
471,Lenovo,Thinkpad P51
472,Asus,X541NA-PD1003Y (N4200/4GB/500GB/W10)
473,Acer,Aspire 5
474,Dell,Inspiron 5570
475,HP,Omen 17-an006nv
476,Lenovo,Thinkpad T460s
477,HP,Spectre x360
478,HP,ZBook 15u
479,Google,Pixelbook (Core
480,Dell,Latitude 7390
481,Asus,ZenBook Pro
482,Dell,Latitude E5470
483,Dell,Precision M5520
484,Lenovo,Thinkpad T470
485,Dell,Inspiron 3576
486,Toshiba,Portege X30-D-10J
487,Dell,Inspiron 7570
488,Dell,Vostro 3568
489,HP,ProBook 430
490,Chuwi,"Lapbook 15,6"
491,Lenovo,ThinkPad E570
492,Lenovo,ThinkPad E480
493,Dell,Precision 3520
494,Dell,XPS 15
495,Lenovo,Thinkpad X270
496,Asus,Zenbook UX390UA
497,Lenovo,Thinkpad E570
498,Toshiba,Portege X30-D-10L
499,Asus,VivoBook Pro
500,Acer,Aspire 5
501,Asus,Rog G752VL-UH71T
502,Lenovo,Thinkpad X260
503,Lenovo,Ideapad 520-15IKBR
504,HP,EliteBook 840
505,Lenovo,ThinkPad 13
506,Lenovo,ThinkPad L570
507,Asus,VivoBook E201NA
508,HP,15-BS026nv (i5-7200U/8GB/256GB/Radeon
509,Lenovo,Yoga 920-13IKB
510,Lenovo,IdeaPad 320-14IAP
511,Lenovo,Chromebook N23
512,Lenovo,ThinkPad 13
513,Asus,ZenBook UX510UX-CN211T
514,Acer,Aspire A515-51G-59QF
515,HP,Envy 13-AB002nv
516,Lenovo,Legion Y520-15IKBN
517,Dell,XPS 13
518,Acer,Aspire A515-51G
519,Dell,Vostro 5568
520,Dell,Inspiron 5570
521,Xiaomi,Mi Notebook
522,Asus,VivoBook E12
523,HP,15-bs190od (i5-8250U/4GB/1TB/W10)
524,Asus,ROG Zephyrus
525,HP,Probook 450
526,Asus,FX753VE-GC155T (i7-7700HQ/16GB/1TB
527,Lenovo,Legion Y720-15IKB
528,HP,Spectre X360
529,Dell,Latitude 5480
530,HP,ProBook 440
531,Dell,Inspiron 5770
532,Lenovo,ThinkPad L470
533,Lenovo,IdeaPad 320-15IKB
534,Lenovo,IdeaPad 320-15ISK
535,Dell,Inspiron 3567
536,Dell,Latitude 5580
537,Dell,Alienware 17
538,Toshiba,Satellite Pro
539,Asus,Zenbook UX510UW-FI095T
540,Mediacom,SmartBook Edge
541,Asus,ROG Strix
542,Dell,Latitude 5580
543,Dell,Inspiron 5570
544,HP,250 G6
545,HP,Omen 15-ce006nv
546,Lenovo,Thinkpad E470
547,Dell,XPS 13
548,Dell,Vostro 5468
549,HP,Envy 13-AB020nr
550,Acer,Aspire 7
551,Asus,VivoBook X540YA-XX519T
552,HP,ProBook 450
553,Lenovo,ThinkPad E470
554,Lenovo,V310-15ISK (i5-6200U/4GB/1TB/FHD/No
555,HP,250 G6
556,Lenovo,ThinkPad T570
557,Lenovo,IdeaPad 320-15ISK
558,Dell,Latitude 5580
559,Dell,Alienware 17
560,HP,17-X047na (i3-6006U/8GB/1TB/W10)
561,HP,ProBook 470
562,Asus,A541NA-GO342 (N3350/4GB/500GB/Linux)
563,Mediacom,SmartBook 130
564,Lenovo,IdeaPad 320-17IKB
565,HP,15-bw007nv (A10-9620P/6GB/128GB/Radeon
566,Dell,Vostro 3568
567,Acer,Spin SP111-31
568,Lenovo,V330-15IKB (i3-7130U/4GB/128GB/FHD/W10)
569,HP,EliteBook 1030
570,Lenovo,Thinkpad P71
571,Asus,FX553VD-DM627T (i5-7300HQ/8GB/1TB
572,Dell,XPS 13
573,Dell,Latitude 5580
574,Fujitsu,Lifebook A557
575,Lenovo,IdeaPad 320-15IAP
576,Lenovo,ThinkPad L470
577,HP,ZBook 17
578,HP,14-am079na (N3710/8GB/2TB/W10)
579,HP,15-cd005nv (A9-9420/6GB/256GB/Radeon
580,Lenovo,Thinkpad E570
581,Lenovo,V330-15IKB (i5-8250U/4GB/500GB/FHD/W10)
582,Mediacom,SmartBook 141
583,Toshiba,Tecra X40-D-10H
584,Lenovo,IdeaPad Y910-17ISK
585,MSI,GT73VR Titan
586,Dell,Inspiron 3567
587,Mediacom,SmartBook Edge
588,Dell,Latitude 5580
589,HP,ProBook 430
590,Dell,Latitude 5580
591,Dell,Chromebook 11
592,MSI,GT80S 6QE
593,HP,Omen 17-AN010nv
594,Lenovo,Thinkpad T460s
595,Lenovo,Ideapad 320-15IKBR
596,Asus,ROG Strix
597,Asus,TP501UA-CJ131T (i5-7200U/8GB/1TB/W10)
598,Lenovo,IdeaPad 320-15ABR
599,Dell,Inspiron 3179
600,Samsung,Notebook Odyssey
601,Lenovo,V320-17ISK (i3-6006U/4GB/500GB/FHD/No
602,Lenovo,IdeaPad 110-15ISK
603,Lenovo,ThinkPad Yoga
604,Lenovo,Thinkpad T470p
605,Dell,Latitude 5289
606,Dell,Precision 3520
607,HP,EliteBook 850
608,HP,ProBook 450
609,Acer,Aspire 1
610,MSI,Laptop MSI
611,Dell,Vostro 3568
612,MSI,GS63VR 7RF
613,Toshiba,Tecra Z50-C-144
614,Lenovo,IdeaPad 310-15IKB
615,Lenovo,Yoga 720-15IKB
616,Acer,Swift SF114-31-P5HY
617,Lenovo,Thinkpad P51
618,Dell,Inspiron 7559
619,Dell,Vostro 3568
620,Dell,Inspiron 3567
621,Dell,Latitude 5580
622,Asus,FX753VD-GC007T (i7-7700HQ/8GB/1TB
623,Dell,Vostro 3568
624,HP,EliteBook 850
625,MSI,GT62VR 7RE
626,Acer,CB5-132T-C9KK (N3160/4GB/32GB/Chrome
627,HP,ProBook 650
628,Lenovo,ThinkPad T470
629,Dell,Inspiron 5570
630,Fujitsu,LifeBook A557
631,HP,EliteBook 850
632,Lenovo,IdeaPad 320-15IKB
633,Mediacom,SmartBook 140
634,Lenovo,IdeaPad 320-15IKBN
635,Asus,Q304UA-BHI5T11 (i5-7200U/6GB/1TB/FHD/W10)
636,Dell,XPS 15
637,Asus,ZenBook 3
639,Dell,Inspiron 7567
640,Lenovo,V330-15IKB (i5-8250U/4GB/256GB/FHD/W10)
641,Lenovo,Ideapad 320-15ISK
642,Asus,X541NA-GO414T (N3350/8GB/1TB/W10)
643,Asus,VivoBook Pro
644,Dell,XPS 13
645,Lenovo,IdeaPad 100S-14IBR
646,Lenovo,Thinkpad Yoga
647,Dell,XPS 15
648,Lenovo,Legion Y520-15IKBN
649,HP,17-AK091ND (A9-9420/8GB/1TB/W10)
650,Lenovo,ThinkPad X1
651,Asus,ROG GL553VE-FY022
652,Acer,Extensa EX2540
653,Lenovo,IdeaPad 100S-14IBR
654,Acer,Swift 3
655,Razer,Blade Pro
656,Toshiba,Portege Z30-C-16J
657,Lenovo,Thinkpad X270
658,Asus,ROG G701VI
659,Acer,A715-71G-59DH (i5-7300HQ/8GB/1TB/GeForce
660,Dell,XPS 13
661,MSI,GL62M 7REX
662,HP,250 G6
663,Toshiba,Tecra A50-D-11M
664,Dell,Inspiron 5570
665,Dell,Inspiron 5570
666,Lenovo,IdeaPad Y700-15ISK
667,Dell,Alienware 17
668,Dell,Latitude E7470
669,Lenovo,Ideapad 320-15IAP
670,Lenovo,IdeaPad 320-15ISK
671,HP,15-ay047nv (i3-6006U/6GB/1TB/Radeon
672,MSI,GP72VR Leopard
673,Toshiba,Satellite Pro
674,Dell,Latitude 3580
675,HP,15-bs012nv (i7-7500U/8GB/1TB/Radeon
676,Toshiba,Tecra Z50-D-10E
677,Acer,Aspire 3
678,Microsoft,Surface Laptop
679,Lenovo,V310-15ISK (i5-7200U/8GB/1TB
680,Lenovo,Yoga 720-13IKB
681,Lenovo,IdeaPad 320-15AST
682,HP,Pavilion X360
683,MSI,GP62 7RDX
684,Asus,Zenbook 3
685,HP,Chromebook X360
686,LG,Gram 15Z975
687,Acer,Aspire VX5-591G
688,MSI,GV62M 7RD
689,Asus,L502NA-GO052T (N3350/4GB/128GB/W10)
690,Dell,Alienware 15
691,HP,17-bs000nv I3
692,Lenovo,Yoga 730
693,Dell,Alienware 15
694,HP,250 G6
695,Dell,Inspiron 3567
696,HP,17-Y002nv (A10-9600P/6GB/2TB/Radeon
697,Lenovo,V110-15ISK (3855U/4GB/500GB/W10)
698,Acer,Chromebook 14
699,Lenovo,IdeaPad 520s-14IKB
700,HP,ZBook 17
701,Lenovo,ThinkPad X1
702,Toshiba,Satellite Pro
703,Acer,TravelMate B117-M
704,Lenovo,Yoga 910-13IKB
705,Asus,Chromebook Flip
706,Toshiba,Portege Z30T-C-133
707,HP,15-bs011nv (i7-7500U/4GB/500GB/Radeon
708,Dell,Inspiron 5577
709,Lenovo,IdeaPad 320-15AST
710,Lenovo,IdeaPad 320-15ABR
711,Lenovo,V310-15IKB (i5-7200U/4GB/1TB/FHD/W10)
712,Lenovo,V310-15ISK (i3-6006U/4GB/500GB/No
713,Dell,Vostro 5568
714,Acer,Spin 5
715,Lenovo,ThinkPad P51s
716,Lenovo,Thinkpad T460p
717,HP,17-ak002nv (A10-9620P/6GB/2TB/Radeon
718,Lenovo,Legion Y520-15IKBN
719,Dell,Latitude 5480
720,Dell,Vostro 5568
721,Asus,VivoBook E403NA
722,Dell,Latitude 5580
723,Lenovo,Thinkpad E470
724,Dell,Latitude 5580
725,Lenovo,110-15ACL (A6-7310/4GB/500GB/W10)
726,Mediacom,Smartbook 142
727,HP,ProBook 470
728,Lenovo,ThinkPad X1
729,HP,Pavilion X360
730,Lenovo,ThinkPad T470s
731,Dell,Alienware 17
732,MSI,GL72M 7REX
733,Lenovo,V310-15IKB (i5-7200U/4GB/1TB/No
734,Dell,Inspiron 5570
735,Dell,Inspiron 5378
736,Dell,Inspiron 5567
737,HP,15-BW037na (A9-9420/4GB/1TB/Radeon
738,Acer,Predator 17
739,Dell,Inspiron 3567
740,HP,15-BW091ND (A9-9420/6GB/1TB
741,Acer,Extensa EX2540-58KR
742,Lenovo,ThinkPad 13
743,Lenovo,V310-15IKB (i7-7500U/4GB/1TB/FHD/W10)
744,HP,ZBook 15
745,Dell,Inspiron 5379
746,MSI,GS63VR 7RF
747,Acer,Aspire ES1-572
748,Dell,Inspiron 7560
749,Dell,Vostro 3568
750,Toshiba,Tecra X40-D-10G
751,Lenovo,Flex 5
752,Lenovo,Thinkpad P51s
753,Acer,Chromebook 14
754,Samsung,Notebook 9
755,HP,250 G6
757,Dell,Latitude 5480
758,HP,Zbook 17
759,Lenovo,N23 (N3060/4GB/128GB/W10)
760,HP,EliteBook 850
761,Asus,X550VX-XX015D (i5-6300HQ/4GB/1TB/GeForce
762,Lenovo,Thinkpad T460
763,Asus,Pro P2540UA-XO0192R
764,Lenovo,Yoga 900-13ISK
765,HP,15-cb003na (i5-7300HQ/8GB/1TB
766,HP,ZBook 15
767,Dell,Alienware 17
768,Acer,Aspire 3
769,Lenovo,Legion Y520-15IKBN
770,Dell,Latitude 7280
771,Google,Pixelbook (Core
772,Asus,Zenbook UX330UA-AH5Q
773,Dell,Latitude 3380
774,Acer,TravelMate P238-M
775,Asus,X751NV-TY001 (N4200/4GB/1TB/GeForce
776,Dell,Inspiron 7559
777,Samsung,Notebook 9
778,Acer,Aspire A315-31
779,Dell,Inspiron 5567
780,Samsung,Notebook 9
781,Toshiba,Tecra A40-C-1E5
782,Dell,Inspiron 7567
783,HP,EliteBook 820
784,Asus,Q524UQ-BHI7T15 (i7-7500U/12GB/2TB/GeForce
785,Lenovo,Thinkpad P50
786,Acer,Swift 3
787,Razer,Blade Pro
788,Asus,Vivobook Max
789,Dell,Alienware 17
790,Asus,Rog G752VS-BA171T
791,Toshiba,Tecra Z40-C-161
792,Lenovo,IdeaPad 110-15IBR
793,Lenovo,ThinkPad T470s
794,MSI,GS43VR 7RE
795,MSI,GL62M (i5-7300HQ/8GB/1TB
796,Lenovo,Legion Y520-15IKBN
797,Acer,Predator G9-793
798,Dell,Inspiron 7567
799,Asus,FX502VM-DM560T (i7-7700HQ/8GB/1TB
800,Vero,K146 (N3350/4GB/32GB/W10)
801,Lenovo,ThinkPad Yoga
802,Lenovo,Yoga 510-15IKB
803,Apple,"MacBook 12"""
804,Lenovo,ThinkPad X1
805,Asus,R417NA-RS01 (N3350/4GB/32GB/W10)
806,Dell,Latitude 3580
807,Lenovo,Yoga 910-13IKB
808,Dell,Vostro 5568
809,HP,ZBook 17
810,Asus,Pro P2540UA-XS51
811,Dell,XPS 13
812,Dell,XPS 15
813,Dell,Latitude 3180
814,HP,EliteBook 820
815,Toshiba,Satellite Pro
816,HP,15-ba043na (A12-9700P/8GB/2TB/W10)
817,Dell,Inspiron 7567
818,Lenovo,IdeaPad 310-15IKB
819,HP,Omen 17-an012dx
820,MSI,GE72MVR 7RG
821,Samsung,Notebook 9
822,Dell,Vostro 5568
823,Dell,Vostro 3568
824,Lenovo,Thinkpad T470s
825,Razer,Blade Stealth
826,HP,Chromebook 11
827,Dell,Alienware 17
828,Dell,Latitude 3480
829,Lenovo,V110-15ISK (i3-6006U/4GB/500GB/W10)
830,Toshiba,Tecra X40-D-10Z
831,Lenovo,Thinkpad X1
832,MSI,GL62M 7RD
833,Lenovo,ThinkPad X1
834,Toshiba,Satellite Pro
835,Asus,ZenBook Flip
836,Dell,Latitude 3480
837,Acer,Chromebook 11
838,Acer,Swift 3
839,Razer,Blade Pro
840,Lenovo,Thinkpad X1
841,Asus,VivoBook Max
842,Lenovo,Thinkpad T460
843,Lenovo,ThinkPad T470s
844,Dell,Alienware 15
845,Asus,Rog GL702VS-BA023T
846,Toshiba,Satellite Pro
847,Lenovo,N42-20 Chromebook
848,Asus,R558UA-DM966T (i5-7200U/8GB/128GB/FHD/W10)
849,Asus,Rog GL702VM-GC017T
851,Dell,Alienware 17
852,HP,ProBook 470
853,Dell,Vostro 3568
854,HP,EliteBook 840
855,Dell,Vostro 3568
856,HP,Chromebook X360
857,Asus,ZenBook UX310UQ-GL026T
858,HP,EliteBook x360
859,HP,EliteBook 840
860,HP,250 G6
862,Asus,Rog GL502VM-DS74
863,Dell,Inspiron 5767
864,Lenovo,ThinkPad T470p
865,Asus,K556UR-DM621T (i7-7500U/8GB/256GB/GeForce
866,Dell,Latitude 5580
867,Asus,X541NA (N4200/4GB/1TB/W10)
868,HP,EliteBook x360
869,Dell,Inspiron 5368
870,Lenovo,IdeaPad 110-15ISK
871,Lenovo,ThinkPad E570
872,HP,EliteBook 850
873,Toshiba,Portege X30-D-10X
874,Lenovo,Legion Y520-15IKBN
875,Dell,XPS 13
876,HP,Probook 450
877,Toshiba,Portégé Z30-C-188
878,Lenovo,ThinkPad Yoga
879,Acer,TMX349-G2-M-50FS (i5-7200U/8GB/256GB/FHD/W10)
880,Dell,Precision 3520
881,Lenovo,ThinkPad L570
882,Lenovo,IdeaPad 110-15ISK
883,Toshiba,Tecra A50-D-11D
884,Lenovo,Thinkpad 13
885,Samsung,Notebook 9
886,Dell,Latitude 7280
887,Asus,X541NA-GO121 (N4200/4GB/1TB/Linux)
888,Xiaomi,Mi Notebook
889,Dell,Vostro 5568
890,HP,ProBook 450
891,HP,EliteBook x360
892,HP,Pavilion x360
893,Asus,VivoBook L402NA
894,Lenovo,IdeaPad 510-15ISK
895,Dell,Inspiron 3552
896,HP,EliteBook x360
897,Dell,Vostro 3568
898,Asus,Rog GL753VD-GC082T
899,Acer,Chromebook C731-C78G
900,Lenovo,IdeaPad 110-17ACL
901,HP,Probook 640
902,HP,Envy x360
903,Samsung,Notebook 9
904,Lenovo,ThinkPad T470s
905,MSI,GS73VR Stealth
906,Toshiba,Portege X30-D-10V
908,Dell,Inspiron 7567
909,HP,ProBook 450
910,Dell,Vostro 3568
911,Dell,Latitude 5580
912,Dell,XPS 13
913,Asus,G701VO-IH74K (i7-6820HK/32GB/2x
914,Dell,XPS 13
915,Lenovo,ThinkPad X1
916,Lenovo,ThinkPad T570
917,LG,Gram 15Z970
918,HP,Elitebook 820
919,Acer,Chromebook CB5-571-C1DZ
920,Lenovo,IdeaPad Y700-15ISK
922,LG,Gram 14Z970
923,Dell,Latitude 5480
924,HP,Elitebook Folio
925,Lenovo,IdeaPad 510-15IKB
926,HP,ProBook 450
927,Acer,Aspire E5-575
928,Lenovo,ThinkPad 13
930,HP,Probook 430
931,MSI,GE72VR 6RF
932,Dell,Inspiron 7567
933,MSI,GL62M 7RD
934,Dell,Vostro 3568
935,HP,EliteBook 850
936,HP,Envy 13-AB077cl
937,Toshiba,Tecra Z50-C-140
938,Lenovo,ThinkPad Yoga
939,Dell,Latitude 3580
940,Lenovo,Thinkpad X270
941,HP,Probook 650
942,Dell,Vostro 3568
943,HP,ProBook 640
944,Lenovo,IdeaPad 320-15IAP
945,HP,EliteBook 820
946,HP,250 G6
947,Lenovo,Yoga 900-13ISK
948,Toshiba,Tecra Z40-C-12X
949,HP,EliteBook 820
950,Dell,Vostro 3568
951,MSI,GP62M Leopard
952,Dell,Latitude 7480
953,Dell,Alienware 17
954,HP,Omen 17-W006na
955,Asus,X751SV-TY001T (N3710/4GB/1TB/GeForce
956,Acer,TravelMate P259-G2
957,Toshiba,Tecra A50-C-1ZV
958,Lenovo,Yoga 700-11ISK
959,Lenovo,IdeaPad Y700-15ACZ
960,Dell,Latitude 7280
961,Lenovo,IdeaPad 310-15IKB
962,Dell,Insprion 5767
963,Acer,Chromebook 14
964,HP,ZBook Studio
965,Dell,Latitude 7480
966,Toshiba,Portege Z30-C-1CW
967,Asus,Chromebook Flip
968,Lenovo,Thinkpad T460
969,Dell,Alienware 17
970,Dell,XPS 13
971,HP,ProBook x360
972,Dell,XPS 13
973,Acer,Chromebook C738T-C2EJ
974,Toshiba,Portege Z30-C-16Z
975,Lenovo,ThinkPad X270
976,Acer,Aspire F5-573G-510L
977,Toshiba,Portege X20W-D-10V
978,HP,ProBook 450
979,Dell,Inspiron 3567
980,Dell,Latitude 5580
981,HP,ProBook 450
982,Dell,Alienware 17
983,Lenovo,IdeaPad 310-15IKB
984,Dell,XPS 13
985,Dell,Latitude E7470
986,Dell,Alienware 17
987,Toshiba,Tecra A40-C-1DF
988,Asus,Rog Strix
989,HP,Probook 450
990,Lenovo,ThinkPad T460
991,Asus,Q534UX-BHI7T19 (i7-7500U/16GB/2TB
992,HP,15-bs053od (i7-7500U/6GB/1TB/W10)
993,Asus,Rog GL753VE-DS74
994,Dell,Inspiron 7579
995,Toshiba,Portege Z30-C-1CV
996,Lenovo,IdeaPad 320-15ABR
997,Fujitsu,LifeBook A556
998,Toshiba,Tecra A40-C-1KF
999,Dell,Inspiron 3567
1000,HP,Probook 450
1001,Lenovo,Legion Y520-15IKBN
1002,Dell,Inspiron 5567
1003,Dell,Latitude 5480
1004,HP,EliteBook Folio
1005,HP,15-bs005nv (i3-6006U/4GB/1TB
1006,Lenovo,V110-15IAP (N3350/4GB/128GB/No
1007,Lenovo,ThinkPad T560
1008,Dell,Inspiron 5378
1009,Asus,ZenBook UX310UA-FB485T
1010,HP,Spectre 13-V111dx
1011,Acer,Aspire ES1-533
1012,Asus,Rog GL553VE-DS74
1013,HP,EliteBook 840
1014,Acer,Nitro 5
1015,HP,ENVY -
1016,Dell,Vostro 3568
1017,HP,Probook 440
1018,Toshiba,Portege Z30-C-16H
1019,HP,EliteBook 840
1020,HP,ProBook 640
1021,HP,EliteBook 1040
1022,HP,ProBook 440
1023,HP,Probook 440
1024,Dell,Inspiron 7567
1025,HP,EliteBook 820
1026,HP,Elitebook 840
1027,HP,EliteBook 840
1028,HP,Probook 430
1029,Toshiba,Portege A30-C-1CZ
1030,HP,ProBook 450
1031,Lenovo,ThinkPad P70
1032,Toshiba,Tecra Z40-C-12Z
1033,HP,EliteBook 1040
1034,Dell,Inspiron 5568
1035,Toshiba,Portégé Z30-C-16K
1036,HP,Spectre 13-V100nv
1037,HP,ProBook 440
1038,Dell,Latitude E5570
1039,HP,Elitebook 820
1040,HP,ProBook 650
1041,HP,ProBook 640
1042,Dell,XPS 13
1043,HP,Probook 470
1044,HP,ProBook 440
1045,Acer,Aspire 3
1046,MSI,GL72M 7RDX
1047,HP,Probook 640
1048,HP,EliteBook 850
1049,HP,EliteBook 820
1050,HP,ProBook 450
1051,Toshiba,Tecra Z40-C-136
1052,Dell,Latitude E5570
1053,HP,ProBook 440
1054,Lenovo,Yoga 500-15ISK
1055,Vero,V142 (X5-Z8350/2GB/32GB/W10)
1056,Toshiba,Tecra A50-C-218
1057,Lenovo,Thinkpad L560
1058,HP,EliteBook 840
1059,HP,EliteBook 850
1060,HP,EliteBook 1040
1061,MSI,GT72S Dominator
1062,Lenovo,IdeaPad Y900-17ISK
1063,Asus,Chromebook C202SA
1064,Lenovo,ThinkPad X1
1065,HP,Noteb Pav
1066,Dell,Inspiron 5578
1067,HP,ProBook 450
1068,Dell,XPS 13
1069,HP,ProBook 650
1070,HP,250 G5
1071,Acer,Aspire ES1-523
1072,Dell,Inspiron 7378
1073,MSI,GT62VR 6RD
1074,HP,ProBook 450
1075,Asus,Rog G752VL-GC088D
1076,Dell,Inspiron 3567
1077,Dell,Inspiron 5567
1079,MSI,GS63VR 6RF
1080,Dell,XPS 13
1081,Asus,ROG G701VO
1082,Dell,Inspiron 5368
1083,Dell,Alienware 15
1084,Apple,"MacBook 12"""
1085,Dell,Latitude 3570
1086,HP,ProBook 650
1087,HP,EliteBook 820
1088,HP,ProBook 430
1089,Lenovo,ThinkPad Yoga
1090,Lenovo,IdeaPad 300-17ISK
1091,Lenovo,Ideapad 700-15ISK
1092,MSI,GT72VR Dominator
1093,Lenovo,V110-15ISK (i5-6200U/4GB/500GB/W10)
1094,HP,Probook 650
1095,Lenovo,Yoga 900S-12ISK
1096,Lenovo,IdeaPad Y900-17ISK
1097,Lenovo,Yoga Book
1098,HP,Spectre x360
1099,Dell,Vostro 3568
1100,HP,EliteBook 840
1101,HP,ZBook 15u
1102,Lenovo,ThinkPad T460
1103,HP,Chromebook 13
1104,Acer,Aspire ES1-523
1105,Dell,Inspiron 3552
1106,HP,250 G6
1107,Asus,Rog GL702VM-GC354T
1108,Dell,Inspiron 5370
1109,HP,Elitebook 820
1110,Acer,Aspire F5-573G
1111,Dell,Inspiron 5567
1112,MSI,GS70 Stealth
1113,HP,250 G5
1114,Asus,G752VY-GC162T (i7-6700HQ/16GB/1TB
1115,Dell,Latitude E5270
1116,Dell,Latitude E5270
1117,Acer,Chromebook 15
1118,HP,ZBook 17
1119,Lenovo,Legion Y520-15IKBN
1120,Dell,Latitude E5270
1121,MSI,GE72 Apache
1122,Lenovo,Yoga 500-15ISK
1123,HP,15-bw011nv (A6-9220/4GB/1TB/FHD/W10)
1124,Asus,Rog GL552VW-CN470T
1125,HP,EliteBook 1030
1126,Dell,Vostro 3559
1127,Lenovo,V110-15ISK (i3-6006U/4GB/128GB/W10)
1128,HP,Spectre Pro
1129,Lenovo,Yoga Book
1130,Dell,XPS 13
1131,Lenovo,IdeaPad Y900-17ISK
1132,Razer,Blade Stealth
1133,Toshiba,Portege X30-D-10K
1134,Asus,Rog GL752VW-T4308T
1135,Vero,V131 (X5-Z8350/4GB/32GB/FHD/W10)
1136,HP,Spectre Pro
1137,HP,EliteBook 1040
1138,Dell,Latitude E5570
1139,Asus,VivoBook Max
1140,Lenovo,ThinkPad Yoga
1141,Lenovo,Yoga Book
1142,HP,EliteBook 820
1143,Lenovo,Legion Y520-15IKBN
1144,HP,Omen -
1145,HP,15-bs078cl (i7-7500U/8GB/2TB/W10)
1146,Lenovo,ThinkPad P40
1147,Asus,L403NA-GA013TS (N3350/4GB/32GB/W10)
1148,HP,250 G6
1149,Acer,Aspire E5-576G
1150,Lenovo,IdeaPad 500-15ISK
1151,HP,ZBook 17
1153,Dell,Inspiron 5567
1154,MSI,GT72S Dominator
1155,HP,EliteBook 850
1156,Lenovo,ThinkPad X1
1157,MSI,GP62M 7RDX
1160,HP,Spectre Pro
1161,HP,ZBook 15
1162,HP,Spectre Pro
1163,HP,ZBook Studio
1164,HP,EliteBook 820
1165,Dell,Vostro 5568
1166,HP,EliteBook 850
1167,Lenovo,ThinkPad X1
1168,Lenovo,V110-15ISK (i3-6006U/4GB/1TB/No
1169,HP,15-BA015wm (E2-7110/4GB/500GB/W10)
1170,Lenovo,B51-80 (i5-6200U/8GB/1TB/Radeon
1171,Dell,Inspiron 7567
1172,Dell,XPS 15
1173,HP,15-bw002nv (A6-9220/4GB/256GB/Radeon
1174,MSI,GP72M 7REX
1175,Lenovo,ThinkPad T460s
1176,Lenovo,B51-80 (i5-6200U/8GB/1008GB/Radeon
1177,HP,Spectre Pro
1178,Lenovo,ThinkPad T460
1179,MSI,GS40 Phantom
1180,HP,Pavilion 15-cb003nv
1181,Lenovo,IdeaPad 310-15ISK
1182,HP,250 G4
1183,Dell,Inspiron 7567
1184,Lenovo,ThinkPad T570
1185,Lenovo,320-15ISK (i3-6006U/4GB/1TB/GeForce
1186,HP,Stream 14-AX000nv
1187,MSI,PL60 7RD
1188,HP,250 G5
1189,HP,ProBook 450
1190,Asus,X553SA-XX021T (N3050/4GB/500GB/W10)
1191,Lenovo,V110-15ISK (i5-6200U/4GB/500GB/No
1192,Lenovo,IdeaPad 510-15IKB
1193,Asus,UX410UA-GV097T (i3-7100U/4GB/256GB/FHD/W10)
1194,Lenovo,B51-80 (i7-6500U/4GB/1008GB/FHD/W7)
1195,Lenovo,IdeaPad Y700-15ISK
1196,MSI,GS60 Ghost
1197,HP,ProBook 450
1198,Lenovo,ThinkPad X1
1199,Lenovo,IdeaPad 310-15IKB
1200,Dell,Vostro 5568
1201,Acer,Aspire 3
1202,HP,Pavilion 15-BC000nv
1203,Asus,Rog GL552VW-DM201T
1204,Dell,Inspiron 5578
1205,Acer,Aspire E5-576G
1206,Dell,XPS 13
1207,Acer,Predator G9-793
1208,Lenovo,Legion Y520-15IKBN
1209,Samsung,Chromebook Plus
1210,HP,250 G6
1211,Apple,"MacBook 12"""
1212,Dell,Inspiron 7378
1213,HP,Pavilion Power
1214,Lenovo,V110-15ISK (i3-6006U/4GB/1TB/Radeon
1215,Asus,Rog G752VY-GC229T
1216,Acer,Aspire 3
1217,MSI,GS73VR 7RF
1218,Dell,Inspiron 5567
1219,Lenovo,IdeaPad 310-15ISK
1220,Dell,Inspiron 5579
1221,Dell,XPS 13
1222,Asus,FX502VM-DM105T (i7-6700HQ/8GB/1TB/GeForce
1223,Dell,Inspiron 5567
1224,HP,15-bs025nv (i5-7200U/8GB/256GB/W10)
1225,Lenovo,IdeaPad 320-15AST
1226,Acer,Aspire E5-774G
1227,Asus,Rog Strix
1228,Apple,"MacBook 12"""
1229,Asus,FX502VM-AS73 (i7-7700HQ/16GB/1TB
1230,MSI,GS73VR Stealth
1231,Dell,Inspiron 7579
1232,Asus,ROG Strix
1233,Acer,C740-C9QX (3205U/2GB/32GB/Chrome
1234,Acer,E5 774G
1235,Lenovo,IdeaPad 320-17IKB
1236,Lenovo,IdeaPad Y700-15ISK
1237,Acer,SP714-51 (i7-7Y75/8GB/256GB/FHD/W10)
1238,Lenovo,Thinkpad T560
1239,MSI,GP62MVR 6RF
1240,HP,15-bw009nv (A12-9720P/6GB/1TB/Radeon
1241,Dell,Latitude E7270
1242,Dell,Inspiron 5578
1243,Asus,X540SA-RBPDN09 (N3710/4GB/1TB/W10)
1244,Dell,XPS 13
1245,Dell,Vostro 3568
1246,Lenovo,IdeaPad Y700-15ISK
1247,MSI,GL62M 7RDX
1248,Lenovo,ThinkPad Yoga
1249,Razer,Blade Pro
1250,Dell,Inspiron 3567
1251,MSI,GE72VR Apache
1252,Apple,MacBook Air
1253,HP,15-bs023nv (i3-6006U/4GB/1TB/FHD/W10)
1254,HP,EliteBook 840
1255,Dell,Vostro 3559
1256,MSI,GL62 6QF
1257,Lenovo,ThinkPad 13
1258,Lenovo,IdeaPad 320-15ABR
1259,Asus,ZenBook UX310UA-WB71
1260,Acer,Aspire ES1-572
1261,Dell,Inspiron 7779
1262,HP,EliteBook 840
1263,Asus,Rog GL553VE-FY052T
1264,Dell,Latitude 5480
1265,Asus,Rog GL502VS
1266,Lenovo,V510-15IKB (i5-7200U/8GB/256GB/FHD/No
1267,Dell,XPS 13
1268,Dell,Inspiron 3552
1269,HP,255 G6
1270,Lenovo,IdeaPad 310-15ISK
1271,Lenovo,ThinkPad L460
1272,Dell,Inspiron 3552
1273,Asus,X541NA-GO020T (N3350/4GB/1TB/W10)
1274,Asus,Rog G752VT-GC073T
1275,Dell,Vostro 3568
1276,Lenovo,B51-80 (i7-6500U/8GB/1008GB/Radeon
1277,MSI,GE62 Apache
1278,Lenovo,Yoga 500-14IBD
1279,Asus,ZenBook UX305CA-UBM1
1280,Dell,Inspiron 3567
1281,Acer,Aspire ES1-531
1282,Dell,Inspiron 3552
1283,Lenovo,IdeaPad Y700-15ISK
1284,HP,Pavilion 15-AW003nv
1285,Dell,Inspiron 3567
1286,HP,Stream 11-Y000na
1287,Asus,X556UJ-XO044T (i7-6500U/4GB/500GB/GeForce
1288,Lenovo,Yoga 500-14ISK
1289,Lenovo,Yoga 900-13ISK
1290,Lenovo,IdeaPad 100S-14IBR
1291,HP,15-AC110nv (i7-6500U/6GB/1TB/Radeon
1292,Asus,X553SA-XX031T (N3050/4GB/500GB/W10)
1293,Asus,ZenBook UX305CA-UBM1
1294,Dell,Inspiron 3567
1295,Acer,Aspire ES1-531
1296,Dell,Inspiron 3552
1297,Lenovo,IdeaPad Y700-15ISK
1298,HP,Pavilion 15-AW003nv
1299,Dell,Inspiron 3567
1300,HP,Stream 11-Y000na
1301,Asus,X556UJ-XO044T (i7-6500U/4GB/500GB/GeForce
1302,Lenovo,Yoga 500-14ISK
1303,Lenovo,Yoga 900-13ISK
1304,Lenovo,IdeaPad 100S-14IBR
1305,HP,15-AC110nv (i7-6500U/6GB/1TB/Radeon
1306,Asus,X553SA-XX031T (N3050/4GB/500GB/W10)
1307,Asus,ZenBook UX305CA-UBM1
1308,Dell,Inspiron 3567
1309,Acer,Aspire ES1-531
1310,Dell,Inspiron 3552
1311,Lenovo,IdeaPad Y700-15ISK
1312,HP,Pavilion 15-AW003nv
1313,Dell,Inspiron 3567
1314,HP,Stream 11-Y000na
1315,Asus,X556UJ-XO044T (i7-6500U/4GB/500GB/GeForce
1316,Lenovo,Yoga 500-14ISK
1317,Lenovo,Yoga 900-13ISK
1318,Lenovo,IdeaPad 100S-14IBR
1319,HP,15-AC110nv (i7-6500U/6GB/1TB/Radeon
1320,Asus,X553SA-XX031T (N3050/4GB/500GB/W10)
